tag,recording_id,window_start_frame,batch_index,event_type,target,next_speaker,next_speaker_screen_side,local_start_frame,local_end_frame,global_start_frame,global_end_frame,global_start_seconds,global_end_seconds,n_scored_frames,right_clipped_to_window
cur1,IS_09_10_Cur,0,1,shift,1,1,RIGHT,222,288,222,288,7.4,9.6,66,False
cur1,IS_09_10_Cur,0,1,pred_shift,1,1,RIGHT,207,222,207,222,6.9,7.4,15,False
cur1,IS_09_10_Cur,600,1,hold,0,0,LEFT,201,219,801,819,26.7,27.3,18,False
cur1,IS_09_10_Cur,600,1,pred_shift_neg,0,0,LEFT,186,201,786,801,26.2,26.7,15,False
cur1,IS_09_10_Cur,1200,2,hold,0,1,RIGHT,356,368,1556,1568,51.86666666666667,52.266666666666666,12,False
cur1,IS_09_10_Cur,1200,2,pred_shift_neg,0,1,RIGHT,341,356,1541,1556,51.36666666666667,51.86666666666667,15,False
cur1,IS_09_10_Cur,4800,2,shift,1,0,LEFT,165,342,4965,5142,165.5,171.4,177,False
cur1,IS_09_10_Cur,4800,2,pred_shift,1,0,LEFT,150,165,4950,4965,165.0,165.5,15,False
cur1,IS_09_10_Cur,6000,3,shift,1,1,RIGHT,372,498,6372,6498,212.4,216.6,126,False
cur1,IS_09_10_Cur,6000,3,pred_shift,1,1,RIGHT,357,372,6357,6372,211.9,212.4,15,False
cur1,IS_09_10_Cur,6600,3,shift,1,0,LEFT,509,521,7109,7121,236.96666666666667,237.36666666666667,12,False
cur1,IS_09_10_Cur,6600,3,pred_shift,1,0,LEFT,494,509,7094,7109,236.46666666666667,236.96666666666667,15,False
cur1,IS_09_10_Cur,7200,3,hold,0,1,RIGHT,411,555,7611,7755,253.7,258.5,144,False
cur1,IS_09_10_Cur,7200,3,pred_shift_neg,0,1,RIGHT,396,411,7596,7611,253.2,253.7,15,False
cur1,IS_09_10_Cur,7800,3,hold,0,0,LEFT,215,362,8015,8162,267.1666666666667,272.06666666666666,147,False
cur1,IS_09_10_Cur,7800,3,pred_shift_neg,0,0,LEFT,200,215,8000,8015,266.6666666666667,267.1666666666667,15,False
ani2,IK_01_02_AniN,11400,8,hold,0,1,RIGHT,401,441,11801,11841,393.3666666666667,394.7,40,False
ani2,IK_01_02_AniN,11400,8,pred_shift_neg,0,1,RIGHT,386,401,11786,11801,392.8666666666667,393.3666666666667,15,False
ani2,IK_01_02_AniN,12000,8,shift,1,0,LEFT,366,383,12366,12383,412.2,412.76666666666665,17,False
ani2,IK_01_02_AniN,12000,8,pred_shift,1,0,LEFT,351,366,12351,12366,411.7,412.2,15,False
pro2,IK_03_04_Pro,1200,11,shift,1,1,RIGHT,345,369,1545,1569,51.5,52.3,24,False
pro2,IK_03_04_Pro,1200,11,pred_shift,1,1,RIGHT,330,345,1530,1545,51.0,51.5,15,False
pro2,IK_03_04_Pro,7800,12,hold,0,0,LEFT,527,588,8327,8388,277.56666666666666,279.6,61,False
pro2,IK_03_04_Pro,7800,12,pred_shift_neg,0,0,LEFT,512,527,8312,8327,277.06666666666666,277.56666666666666,15,False
pro2,IK_03_04_Pro,9600,13,shift,1,1,RIGHT,573,582,10173,10182,339.1,339.4,9,False
pro2,IK_03_04_Pro,9600,13,pred_shift,1,1,RIGHT,558,573,10158,10173,338.6,339.1,15,False
