variant,tag,recording_id,task_key,task,unit,status,n_class0,n_class1,n_samples,tn,fp,fn,tp,balanced_accuracy,macro_f1,weighted_f1,accuracy,recall_class0,recall_class1,legacy_zero_division_balanced_accuracy,legacy_zero_division_macro_f1,legacy_zero_division_weighted_f1
hands,ani1,FO_09_10_AniN,hs,SHIFT/HOLD,frame,no_events,0,0,0,0,0,0,0,,,,,,,,,
hands,ani1,FO_09_10_AniN,pred_shift,SHIFT-pred,frame,no_events,0,0,0,0,0,0,0,,,,,,,,,
hands,ani1,FO_09_10_AniN,hs2,SHIFT/HOLD,event_mean,no_events,0,0,0,0,0,0,0,,,,,,,,,
hands,ani1,FO_09_10_AniN,pred_shift2,SHIFT-pred,event_mean,no_events,0,0,0,0,0,0,0,,,,,,,,,
hands,cur1,IS_09_10_Cur,hs,SHIFT/HOLD,frame,ok,321,381,702,84,237,162,219,0.41824269629847666,0.40979689366786143,0.41949779942611487,0.43162393162393164,0.2616822429906542,0.5748031496062992,0.41824269629847666,0.40979689366786143,0.41949779942611487
hands,cur1,IS_09_10_Cur,pred_shift,SHIFT-pred,frame,ok,60,60,120,29,31,36,24,0.44166666666666665,0.44069565217391304,0.44069565217391304,0.44166666666666665,0.48333333333333334,0.4,0.44166666666666665,0.44069565217391304,0.44069565217391304
hands,cur1,IS_09_10_Cur,hs2,SHIFT/HOLD,event_mean,ok,4,4,8,2,2,2,2,0.5,0.5,0.5,0.5,0.5,0.5,0.5,0.5,0.5
hands,cur1,IS_09_10_Cur,pred_shift2,SHIFT-pred,event_mean,ok,4,4,8,2,2,2,2,0.5,0.5,0.5,0.5,0.5,0.5,0.5,0.5,0.5
hands,pro1,NS_11_12_Pro,hs,SHIFT/HOLD,frame,no_events,0,0,0,0,0,0,0,,,,,,,,,
hands,pro1,NS_11_12_Pro,pred_shift,SHIFT-pred,frame,no_events,0,0,0,0,0,0,0,,,,,,,,,
hands,pro1,NS_11_12_Pro,hs2,SHIFT/HOLD,event_mean,no_events,0,0,0,0,0,0,0,,,,,,,,,
hands,pro1,NS_11_12_Pro,pred_shift2,SHIFT-pred,event_mean,no_events,0,0,0,0,0,0,0,,,,,,,,,
hands,ani2,IK_01_02_AniN,hs,SHIFT/HOLD,frame,ok,40,17,57,39,1,17,0,0.4875,0.40625,0.5701754385964912,0.6842105263157895,0.975,0.0,0.4875,0.40625,0.5701754385964912
hands,ani2,IK_01_02_AniN,pred_shift,SHIFT-pred,frame,ok,15,15,30,15,0,15,0,0.5,0.3333333333333333,0.3333333333333333,0.5,1.0,0.0,0.5,0.3333333333333333,0.3333333333333333
hands,ani2,IK_01_02_AniN,hs2,SHIFT/HOLD,event_mean,ok,1,1,2,1,0,1,0,0.5,0.3333333333333333,0.3333333333333333,0.5,1.0,0.0,0.5,0.3333333333333333,0.3333333333333333
hands,ani2,IK_01_02_AniN,pred_shift2,SHIFT-pred,event_mean,ok,1,1,2,1,0,1,0,0.5,0.3333333333333333,0.3333333333333333,0.5,1.0,0.0,0.5,0.3333333333333333,0.3333333333333333
hands,cur2,IK_05_06_Cur,hs,SHIFT/HOLD,frame,no_events,0,0,0,0,0,0,0,,,,,,,,,
hands,cur2,IK_05_06_Cur,pred_shift,SHIFT-pred,frame,no_events,0,0,0,0,0,0,0,,,,,,,,,
hands,cur2,IK_05_06_Cur,hs2,SHIFT/HOLD,event_mean,no_events,0,0,0,0,0,0,0,,,,,,,,,
hands,cur2,IK_05_06_Cur,pred_shift2,SHIFT-pred,event_mean,no_events,0,0,0,0,0,0,0,,,,,,,,,
hands,pro2,IK_03_04_Pro,hs,SHIFT/HOLD,frame,ok,61,33,94,30,31,33,0,0.2459016393442623,0.24193548387096775,0.3140013726835964,0.3191489361702128,0.4918032786885246,0.0,0.2459016393442623,0.24193548387096775,0.3140013726835964
hands,pro2,IK_03_04_Pro,pred_shift,SHIFT-pred,frame,ok,15,30,45,8,7,18,12,0.4666666666666667,0.44001991040318567,0.4566119130579061,0.4444444444444444,0.5333333333333333,0.4,0.4666666666666667,0.44001991040318567,0.4566119130579061
hands,pro2,IK_03_04_Pro,hs2,SHIFT/HOLD,event_mean,ok,1,2,3,0,1,2,0,0.0,0.0,0.0,0.0,0.0,0.0,0.0,0.0,0.0
hands,pro2,IK_03_04_Pro,pred_shift2,SHIFT-pred,event_mean,ok,1,2,3,0,1,1,1,0.25,0.25,0.3333333333333333,0.3333333333333333,0.0,0.5,0.25,0.25,0.3333333333333333
hands,ALL_POOLED,ALL_POOLED,hs,SHIFT/HOLD,frame,ok,422,431,853,153,269,212,219,0.43533994567906664,0.43271165138616774,0.4331747700104242,0.4361078546307151,0.36255924170616116,0.5081206496519721,0.43533994567906664,0.43271165138616774,0.4331747700104242
hands,ALL_POOLED,ALL_POOLED,pred_shift,SHIFT-pred,frame,ok,90,105,195,52,38,69,36,0.4603174603174603,0.44756281606608594,0.4440760330511185,0.4512820512820513,0.5777777777777777,0.34285714285714286,0.4603174603174603,0.44756281606608594,0.4440760330511185
hands,ALL_POOLED,ALL_POOLED,hs2,SHIFT/HOLD,event_mean,ok,6,7,13,3,3,5,2,0.39285714285714285,0.38095238095238093,0.3772893772893772,0.38461538461538464,0.5,0.2857142857142857,0.39285714285714285,0.38095238095238093,0.3772893772893772
hands,ALL_POOLED,ALL_POOLED,pred_shift2,SHIFT-pred,event_mean,ok,6,7,13,3,3,4,3,0.4642857142857143,0.46153846153846156,0.46153846153846156,0.46153846153846156,0.5,0.42857142857142855,0.4642857142857143,0.46153846153846156,0.46153846153846156
eyes,ani1,FO_09_10_AniN,hs,SHIFT/HOLD,frame,no_events,0,0,0,0,0,0,0,,,,,,,,,
eyes,ani1,FO_09_10_AniN,pred_shift,SHIFT-pred,frame,no_events,0,0,0,0,0,0,0,,,,,,,,,
eyes,ani1,FO_09_10_AniN,hs2,SHIFT/HOLD,event_mean,no_events,0,0,0,0,0,0,0,,,,,,,,,
eyes,ani1,FO_09_10_AniN,pred_shift2,SHIFT-pred,event_mean,no_events,0,0,0,0,0,0,0,,,,,,,,,
eyes,cur1,IS_09_10_Cur,hs,SHIFT/HOLD,frame,ok,321,381,702,152,169,179,202,0.5018519881276523,0.5017458556324239,0.5047790340017204,0.5042735042735043,0.4735202492211838,0.5301837270341208,0.5018519881276523,0.5017458556324239,0.5047790340017204
eyes,cur1,IS_09_10_Cur,pred_shift,SHIFT-pred,frame,ok,60,60,120,29,31,44,16,0.375,0.36757782306232867,0.36757782306232867,0.375,0.48333333333333334,0.26666666666666666,0.375,0.36757782306232867,0.36757782306232867
eyes,cur1,IS_09_10_Cur,hs2,SHIFT/HOLD,event_mean,ok,4,4,8,1,3,2,2,0.375,0.36507936507936506,0.36507936507936506,0.375,0.25,0.5,0.375,0.36507936507936506,0.36507936507936506
eyes,cur1,IS_09_10_Cur,pred_shift2,SHIFT-pred,event_mean,ok,4,4,8,2,2,3,1,0.375,0.36507936507936506,0.36507936507936506,0.375,0.5,0.25,0.375,0.36507936507936506,0.36507936507936506
eyes,pro1,NS_11_12_Pro,hs,SHIFT/HOLD,frame,no_events,0,0,0,0,0,0,0,,,,,,,,,
eyes,pro1,NS_11_12_Pro,pred_shift,SHIFT-pred,frame,no_events,0,0,0,0,0,0,0,,,,,,,,,
eyes,pro1,NS_11_12_Pro,hs2,SHIFT/HOLD,event_mean,no_events,0,0,0,0,0,0,0,,,,,,,,,
eyes,pro1,NS_11_12_Pro,pred_shift2,SHIFT-pred,event_mean,no_events,0,0,0,0,0,0,0,,,,,,,,,
eyes,ani2,IK_01_02_AniN,hs,SHIFT/HOLD,frame,ok,40,17,57,1,39,9,8,0.24779411764705883,0.145,0.10263157894736842,0.15789473684210525,0.025,0.47058823529411764,0.24779411764705883,0.145,0.10263157894736842
eyes,ani2,IK_01_02_AniN,pred_shift,SHIFT-pred,frame,ok,15,15,30,0,15,14,1,0.03333333333333333,0.03225806451612903,0.03225806451612903,0.03333333333333333,0.0,0.06666666666666667,0.03333333333333333,0.03225806451612903,0.03225806451612903
eyes,ani2,IK_01_02_AniN,hs2,SHIFT/HOLD,event_mean,ok,1,1,2,0,1,1,0,0.0,0.0,0.0,0.0,0.0,0.0,0.0,0.0,0.0
eyes,ani2,IK_01_02_AniN,pred_shift2,SHIFT-pred,event_mean,ok,1,1,2,0,1,1,0,0.0,0.0,0.0,0.0,0.0,0.0,0.0,0.0,0.0
eyes,cur2,IK_05_06_Cur,hs,SHIFT/HOLD,frame,no_events,0,0,0,0,0,0,0,,,,,,,,,
eyes,cur2,IK_05_06_Cur,pred_shift,SHIFT-pred,frame,no_events,0,0,0,0,0,0,0,,,,,,,,,
eyes,cur2,IK_05_06_Cur,hs2,SHIFT/HOLD,event_mean,no_events,0,0,0,0,0,0,0,,,,,,,,,
eyes,cur2,IK_05_06_Cur,pred_shift2,SHIFT-pred,event_mean,no_events,0,0,0,0,0,0,0,,,,,,,,,
eyes,pro2,IK_03_04_Pro,hs,SHIFT/HOLD,frame,ok,61,33,94,0,61,9,24,0.36363636363636365,0.2033898305084746,0.142805625676163,0.2553191489361702,0.0,0.7272727272727273,0.36363636363636365,0.2033898305084746,0.142805625676163
eyes,pro2,IK_03_04_Pro,pred_shift,SHIFT-pred,frame,ok,15,30,45,0,15,15,15,0.25,0.25,0.3333333333333333,0.3333333333333333,0.0,0.5,0.25,0.25,0.3333333333333333
eyes,pro2,IK_03_04_Pro,hs2,SHIFT/HOLD,event_mean,ok,1,2,3,0,1,1,1,0.25,0.25,0.3333333333333333,0.3333333333333333,0.0,0.5,0.25,0.25,0.3333333333333333
eyes,pro2,IK_03_04_Pro,pred_shift2,SHIFT-pred,event_mean,ok,1,2,3,0,1,1,1,0.25,0.25,0.3333333333333333,0.3333333333333333,0.0,0.5,0.25,0.25,0.3333333333333333
eyes,ALL_POOLED,ALL_POOLED,hs,SHIFT/HOLD,frame,ok,422,431,853,153,269,197,234,0.45274133779043557,0.44872186040319095,0.449274192443842,0.4536928487690504,0.36255924170616116,0.54292343387471,0.45274133779043557,0.44872186040319095,0.449274192443842
eyes,ALL_POOLED,ALL_POOLED,pred_shift,SHIFT-pred,frame,ok,90,105,195,29,61,73,32,0.3134920634920635,0.3126578282828283,0.313471250971251,0.3128205128205128,0.32222222222222224,0.3047619047619048,0.3134920634920635,0.3126578282828283,0.313471250971251
eyes,ALL_POOLED,ALL_POOLED,hs2,SHIFT/HOLD,event_mean,ok,6,7,13,1,5,4,3,0.2976190476190476,0.2909090909090909,0.2993006993006993,0.3076923076923077,0.16666666666666666,0.42857142857142855,0.2976190476190476,0.2909090909090909,0.2993006993006993
eyes,ALL_POOLED,ALL_POOLED,pred_shift2,SHIFT-pred,event_mean,ok,6,7,13,2,4,5,2,0.30952380952380953,0.3076923076923077,0.3076923076923077,0.3076923076923077,0.3333333333333333,0.2857142857142857,0.30952380952380953,0.3076923076923077,0.3076923076923077
mouth,ani1,FO_09_10_AniN,hs,SHIFT/HOLD,frame,no_events,0,0,0,0,0,0,0,,,,,,,,,
mouth,ani1,FO_09_10_AniN,pred_shift,SHIFT-pred,frame,no_events,0,0,0,0,0,0,0,,,,,,,,,
mouth,ani1,FO_09_10_AniN,hs2,SHIFT/HOLD,event_mean,no_events,0,0,0,0,0,0,0,,,,,,,,,
mouth,ani1,FO_09_10_AniN,pred_shift2,SHIFT-pred,event_mean,no_events,0,0,0,0,0,0,0,,,,,,,,,
mouth,cur1,IS_09_10_Cur,hs,SHIFT/HOLD,frame,ok,321,381,702,164,157,188,193,0.5087325532906517,0.5077068803954768,0.5094450765710595,0.5085470085470085,0.5109034267912772,0.5065616797900262,0.5087325532906517,0.5077068803954768,0.5094450765710595
mouth,cur1,IS_09_10_Cur,pred_shift,SHIFT-pred,frame,ok,60,60,120,32,28,30,30,0.5166666666666666,0.5165323701028064,0.5165323701028064,0.5166666666666667,0.5333333333333333,0.5,0.5166666666666666,0.5165323701028064,0.5165323701028064
mouth,cur1,IS_09_10_Cur,hs2,SHIFT/HOLD,event_mean,ok,4,4,8,2,2,2,2,0.5,0.5,0.5,0.5,0.5,0.5,0.5,0.5,0.5
mouth,cur1,IS_09_10_Cur,pred_shift2,SHIFT-pred,event_mean,ok,4,4,8,2,2,2,2,0.5,0.5,0.5,0.5,0.5,0.5,0.5,0.5,0.5
mouth,pro1,NS_11_12_Pro,hs,SHIFT/HOLD,frame,no_events,0,0,0,0,0,0,0,,,,,,,,,
mouth,pro1,NS_11_12_Pro,pred_shift,SHIFT-pred,frame,no_events,0,0,0,0,0,0,0,,,,,,,,,
mouth,pro1,NS_11_12_Pro,hs2,SHIFT/HOLD,event_mean,no_events,0,0,0,0,0,0,0,,,,,,,,,
mouth,pro1,NS_11_12_Pro,pred_shift2,SHIFT-pred,event_mean,no_events,0,0,0,0,0,0,0,,,,,,,,,
mouth,ani2,IK_01_02_AniN,hs,SHIFT/HOLD,frame,ok,40,17,57,40,0,17,0,0.5,0.41237113402061853,0.5787665038885874,0.7017543859649122,1.0,0.0,0.5,0.41237113402061853,0.5787665038885874
mouth,ani2,IK_01_02_AniN,pred_shift,SHIFT-pred,frame,ok,15,15,30,15,0,15,0,0.5,0.3333333333333333,0.3333333333333333,0.5,1.0,0.0,0.5,0.3333333333333333,0.3333333333333333
mouth,ani2,IK_01_02_AniN,hs2,SHIFT/HOLD,event_mean,ok,1,1,2,1,0,1,0,0.5,0.3333333333333333,0.3333333333333333,0.5,1.0,0.0,0.5,0.3333333333333333,0.3333333333333333
mouth,ani2,IK_01_02_AniN,pred_shift2,SHIFT-pred,event_mean,ok,1,1,2,1,0,1,0,0.5,0.3333333333333333,0.3333333333333333,0.5,1.0,0.0,0.5,0.3333333333333333,0.3333333333333333
mouth,cur2,IK_05_06_Cur,hs,SHIFT/HOLD,frame,no_events,0,0,0,0,0,0,0,,,,,,,,,
mouth,cur2,IK_05_06_Cur,pred_shift,SHIFT-pred,frame,no_events,0,0,0,0,0,0,0,,,,,,,,,
mouth,cur2,IK_05_06_Cur,hs2,SHIFT/HOLD,event_mean,no_events,0,0,0,0,0,0,0,,,,,,,,,
mouth,cur2,IK_05_06_Cur,pred_shift2,SHIFT-pred,event_mean,no_events,0,0,0,0,0,0,0,,,,,,,,,
mouth,pro2,IK_03_04_Pro,hs,SHIFT/HOLD,frame,ok,61,33,94,0,61,30,3,0.045454545454545456,0.030927835051546393,0.021715288440447466,0.031914893617021274,0.0,0.09090909090909091,0.045454545454545456,0.030927835051546393,0.021715288440447466
mouth,pro2,IK_03_04_Pro,pred_shift,SHIFT-pred,frame,ok,15,30,45,0,15,30,0,0.0,0.0,0.0,0.0,0.0,0.0,0.0,0.0,0.0
mouth,pro2,IK_03_04_Pro,hs2,SHIFT/HOLD,event_mean,ok,1,2,3,0,1,2,0,0.0,0.0,0.0,0.0,0.0,0.0,0.0,0.0,0.0
mouth,pro2,IK_03_04_Pro,pred_shift2,SHIFT-pred,event_mean,ok,1,2,3,0,1,2,0,0.0,0.0,0.0,0.0,0.0,0.0,0.0,0.0,0.0
mouth,ALL_POOLED,ALL_POOLED,hs,SHIFT/HOLD,frame,ok,422,431,853,204,218,235,196,0.46908435139266114,0.4688864606313011,0.46883390469145636,0.46893317702227433,0.4834123222748815,0.4547563805104408,0.46908435139266114,0.4688864606313011,0.46883390469145636
mouth,ALL_POOLED,ALL_POOLED,pred_shift,SHIFT-pred,frame,ok,90,105,195,47,43,75,30,0.403968253968254,0.3902374390502438,0.38614830156063995,0.39487179487179486,0.5222222222222223,0.2857142857142857,0.403968253968254,0.3902374390502438,0.38614830156063995
mouth,ALL_POOLED,ALL_POOLED,hs2,SHIFT/HOLD,event_mean,ok,6,7,13,3,3,5,2,0.39285714285714285,0.38095238095238093,0.3772893772893772,0.38461538461538464,0.5,0.2857142857142857,0.39285714285714285,0.38095238095238093,0.3772893772893772
mouth,ALL_POOLED,ALL_POOLED,pred_shift2,SHIFT-pred,event_mean,ok,6,7,13,3,3,5,2,0.39285714285714285,0.38095238095238093,0.3772893772893772,0.38461538461538464,0.5,0.2857142857142857,0.39285714285714285,0.38095238095238093,0.3772893772893772
hands_eyes_mouth,ani1,FO_09_10_AniN,hs,SHIFT/HOLD,frame,no_events,0,0,0,0,0,0,0,,,,,,,,,
hands_eyes_mouth,ani1,FO_09_10_AniN,pred_shift,SHIFT-pred,frame,no_events,0,0,0,0,0,0,0,,,,,,,,,
hands_eyes_mouth,ani1,FO_09_10_AniN,hs2,SHIFT/HOLD,event_mean,no_events,0,0,0,0,0,0,0,,,,,,,,,
hands_eyes_mouth,ani1,FO_09_10_AniN,pred_shift2,SHIFT-pred,event_mean,no_events,0,0,0,0,0,0,0,,,,,,,,,
hands_eyes_mouth,cur1,IS_09_10_Cur,hs,SHIFT/HOLD,frame,ok,321,381,702,74,247,142,239,0.4289130914710428,0.41346581353540435,0.42524877074760126,0.4458689458689459,0.23052959501557632,0.6272965879265092,0.4289130914710428,0.41346581353540435,0.42524877074760126
hands_eyes_mouth,cur1,IS_09_10_Cur,pred_shift,SHIFT-pred,frame,ok,60,60,120,29,31,33,27,0.4666666666666667,0.46651847735482077,0.4665184773548207,0.4666666666666667,0.48333333333333334,0.45,0.4666666666666667,0.46651847735482077,0.4665184773548207
hands_eyes_mouth,cur1,IS_09_10_Cur,hs2,SHIFT/HOLD,event_mean,ok,4,4,8,2,2,2,2,0.5,0.5,0.5,0.5,0.5,0.5,0.5,0.5,0.5
hands_eyes_mouth,cur1,IS_09_10_Cur,pred_shift2,SHIFT-pred,event_mean,ok,4,4,8,2,2,3,1,0.375,0.36507936507936506,0.36507936507936506,0.375,0.5,0.25,0.375,0.36507936507936506,0.36507936507936506
hands_eyes_mouth,pro1,NS_11_12_Pro,hs,SHIFT/HOLD,frame,no_events,0,0,0,0,0,0,0,,,,,,,,,
hands_eyes_mouth,pro1,NS_11_12_Pro,pred_shift,SHIFT-pred,frame,no_events,0,0,0,0,0,0,0,,,,,,,,,
hands_eyes_mouth,pro1,NS_11_12_Pro,hs2,SHIFT/HOLD,event_mean,no_events,0,0,0,0,0,0,0,,,,,,,,,
hands_eyes_mouth,pro1,NS_11_12_Pro,pred_shift2,SHIFT-pred,event_mean,no_events,0,0,0,0,0,0,0,,,,,,,,,
hands_eyes_mouth,ani2,IK_01_02_AniN,hs,SHIFT/HOLD,frame,ok,40,17,57,32,8,17,0,0.4,0.3595505617977528,0.5046323674354425,0.5614035087719298,0.8,0.0,0.4,0.3595505617977528,0.5046323674354425
hands_eyes_mouth,ani2,IK_01_02_AniN,pred_shift,SHIFT-pred,frame,ok,15,15,30,15,0,15,0,0.5,0.3333333333333333,0.3333333333333333,0.5,1.0,0.0,0.5,0.3333333333333333,0.3333333333333333
hands_eyes_mouth,ani2,IK_01_02_AniN,hs2,SHIFT/HOLD,event_mean,ok,1,1,2,1,0,1,0,0.5,0.3333333333333333,0.3333333333333333,0.5,1.0,0.0,0.5,0.3333333333333333,0.3333333333333333
hands_eyes_mouth,ani2,IK_01_02_AniN,pred_shift2,SHIFT-pred,event_mean,ok,1,1,2,1,0,1,0,0.5,0.3333333333333333,0.3333333333333333,0.5,1.0,0.0,0.5,0.3333333333333333,0.3333333333333333
hands_eyes_mouth,cur2,IK_05_06_Cur,hs,SHIFT/HOLD,frame,no_events,0,0,0,0,0,0,0,,,,,,,,,
hands_eyes_mouth,cur2,IK_05_06_Cur,pred_shift,SHIFT-pred,frame,no_events,0,0,0,0,0,0,0,,,,,,,,,
hands_eyes_mouth,cur2,IK_05_06_Cur,hs2,SHIFT/HOLD,event_mean,no_events,0,0,0,0,0,0,0,,,,,,,,,
hands_eyes_mouth,cur2,IK_05_06_Cur,pred_shift2,SHIFT-pred,event_mean,no_events,0,0,0,0,0,0,0,,,,,,,,,
hands_eyes_mouth,pro2,IK_03_04_Pro,hs,SHIFT/HOLD,frame,ok,61,33,94,0,61,33,0,0.0,0.0,0.0,0.0,0.0,0.0,0.0,0.0,0.0
hands_eyes_mouth,pro2,IK_03_04_Pro,pred_shift,SHIFT-pred,frame,ok,15,30,45,0,15,30,0,0.0,0.0,0.0,0.0,0.0,0.0,0.0,0.0,0.0
hands_eyes_mouth,pro2,IK_03_04_Pro,hs2,SHIFT/HOLD,event_mean,ok,1,2,3,0,1,2,0,0.0,0.0,0.0,0.0,0.0,0.0,0.0,0.0,0.0
hands_eyes_mouth,pro2,IK_03_04_Pro,pred_shift2,SHIFT-pred,event_mean,ok,1,2,3,0,1,2,0,0.0,0.0,0.0,0.0,0.0,0.0,0.0,0.0,0.0
hands_eyes_mouth,ALL_POOLED,ALL_POOLED,hs,SHIFT/HOLD,frame,ok,422,431,853,106,316,192,239,0.40285459803608936,0.38961573135001126,0.3906198832634346,0.4044548651817116,0.25118483412322273,0.5545243619489559,0.40285459803608936,0.38961573135001126,0.3906198832634346
hands_eyes_mouth,ALL_POOLED,ALL_POOLED,pred_shift,SHIFT-pred,frame,ok,90,105,195,44,46,78,27,0.373015873015873,0.3592325630697477,0.35493550333490975,0.3641025641025641,0.4888888888888889,0.2571428571428571,0.373015873015873,0.3592325630697477,0.35493550333490975
hands_eyes_mouth,ALL_POOLED,ALL_POOLED,hs2,SHIFT/HOLD,event_mean,ok,6,7,13,3,3,5,2,0.39285714285714285,0.38095238095238093,0.3772893772893772,0.38461538461538464,0.5,0.2857142857142857,0.39285714285714285,0.38095238095238093,0.3772893772893772
hands_eyes_mouth,ALL_POOLED,ALL_POOLED,pred_shift2,SHIFT-pred,event_mean,ok,6,7,13,3,3,6,1,0.3214285714285714,0.2909090909090909,0.28251748251748254,0.3076923076923077,0.5,0.14285714285714285,0.3214285714285714,0.2909090909090909,0.28251748251748254
constant_hold_no_shift,ALL_POOLED,ALL_POOLED,hs,SHIFT/HOLD,frame,ok,422,431,853,422,0,431,0,0.5,0.33098039215686276,0.32748821920327337,0.4947245017584994,1.0,0.0,0.5,0.33098039215686276,0.32748821920327337
constant_hold_no_shift,ALL_POOLED,ALL_POOLED,pred_shift,SHIFT-pred,frame,ok,90,105,195,90,0,105,0,0.5,0.3157894736842105,0.291497975708502,0.46153846153846156,1.0,0.0,0.5,0.3157894736842105,0.291497975708502
constant_hold_no_shift,ALL_POOLED,ALL_POOLED,hs2,SHIFT/HOLD,event_mean,ok,6,7,13,6,0,7,0,0.5,0.3157894736842105,0.291497975708502,0.46153846153846156,1.0,0.0,0.5,0.3157894736842105,0.291497975708502
constant_hold_no_shift,ALL_POOLED,ALL_POOLED,pred_shift2,SHIFT-pred,event_mean,ok,6,7,13,6,0,7,0,0.5,0.3157894736842105,0.291497975708502,0.46153846153846156,1.0,0.0,0.5,0.3157894736842105,0.291497975708502
